GOV.UK homepage,,,,,
,Entering and staying in the UK,,,,
,,Travel and identity documents for foreign nationals,,,
,,Immigration offences,,,
,,,Immigration penalties,,
,,,Immigration detention,,
,,,"Deportation, removals and curtailment",,
,,Immigration adviser services,,,
,,Rights of foreign nationals in the UK,,,
,,,Right to rent in the UK,,
,,,Foreign nationals working in the UK,,
,,,Rights of EU and EEA citizens,,
,,,Rights of nationals from outside the EU and EEA,,
,,Visas and immigration corporate,,,
,,Border control,,,
,,Immigration rules,,,
,,"Refugees, asylum and human rights",,,
,,,Asylum for children,,
,,,Asylum decisions and appeals,,
,,,"Refugee, asylum and human rights claims",,
,,,Support for asylum claimants and refugees,,
,,Visas and entry clearance,,,
,,,Visa applications,,
,,,Visa refusals and appeals,,
,,,Family visas,,
,,,Student visas,,
,,,Tuberculosis (TB) testing,,
,,,Visa sponsorship,,
,,,Visa application centres,,
,,,Visit and transit visas,,
,,,Work and investor visas,,
,,Permanent stay in the UK,,,
,,,Settlement,,
,,,Citizenship,,
,,"Inspections of border, immigration and asylum services",,,
,Going and being abroad,,,,
,,Travel abroad,,,
,,Passports,,,
,,British nationals overseas,,,
,,Living abroad,,,
,"Education, training and skills",,,,
,,"Further and higher education, skills and vocational training",,,
,,,T levels,,
,,,Learning Records Service (LRS),,
,,,Running a further or higher education institution,,
,,,Further education financial management and data collection,,
,,,,Financial management for further education providers,
,,,,Local authority further education financial reporting and assurance,
,,,,Data collection for further education providers,
,,,Further and higher education courses and qualifications,,
,,,,Principal learning qualifications,
,,,,Functional skills,
,,,Careers guidance in further and higher education,,
,,,Adult and community learning,,
,,,"Apprenticeships, traineeships and internships",,
,,,,Types of apprenticeships,
,,,,Hiring and training an intern or trainee,
,,,,Becoming an apprentice,
,,,,Hiring and training an apprentice,
,,,,Becoming an intern or trainee,
,,,Education in prisons,,
,,,Further education funding,,
,,,,Adult education funding,
,,,,Apprenticeships funding,
,,,,Further education buildings and land,
,,,,European Social Fund (ESF) and skills funding,
,,,,Free meals for 16 to 18 year olds,
,,,,Further education funding data,
,,,,Dance and drama funding for 16 to 19 year olds,
,,,,Administering student funding,
,,"Pupil wellbeing, behaviour and attendance",,,
,,,Safeguarding pupils,,
,,,Alternative provision and pupil referral units,,
,,,School bullying,,
,,,"Health, safety and wellbeing in schools",,
,,,School attendance and absence,,
,,,School discipline and exclusions,,
,,Teaching and leadership,,,
,,,Teacher records,,
,,,"Teacher pay, pensions and conditions",,
,,,"Recruiting, inducting and managing teachers",,
,,,Teacher training and professional development,,
,,,,Qualified Teacher Status (QTS),
,,,,Initial Teacher Training (ITT),
,,,,School leadership,
,,,"Teaching standards, misconduct and practice",,
,,Inspections and performance of education providers,,,
,,,Inspection and performance of further education providers,,
,,,,Inspection of residential provision in further education colleges,
,,,,Further education intervention notices and reports,
,,,,Further education provider performance measures,
,,,,Student performance in further education,
,,,,Inspection of further education and skills providers,
,,,,Performance data and Ofsted reports of further education providers,
,,,Inspection and performance of schools,,
,,,,Inspection of non-maintained schools,
,,,,Pupil performance in schools,
,,,,School intervention notices and reports,
,,,,Inspection of independent schools,
,,,,School performance measures,
,,,,Inspection of British schools overseas,
,,,,Inspection of maintained schools and academies,
,,,,Inspection of boarding and residential schools,
,,,,School performance tables and Ofsted reports,
,,,,Inspection of local authority support for schools,
,,Education of disadvantaged children,,,
,,Starting and attending school,,,
,,,Home schooling,,
,,,Dealing with problems at school,,
,,,Help with school costs,,
,,,Sending a child to school,,
,,Running and managing a school,,,
,,,School-to-school support,,
,,,Recruiting and managing non-teaching school staff,,
,,,Careers guidance in schools,,
,,,School admissions,,
,,,School trips and extracurricular activity,,
,,,School complaints and whistleblowing,,
,,,Setting up or changing the status of a school,,
,,,,Set up and develop a multi-academy trust (MAT),
,,,,Set up a free school,
,,,,Set up or convert to an academy,
,,,"School food, accommodation, transport and uniform",,
,,,School planning,,
,,,School governance,,
,,,School buildings and land,,
,,,,School buildings and land guidelines,
,,,,School buildings and land transactions,
,,,,School places,
,,,Data collection and censuses for schools,,
,,,,School workforce censuses,
,,,,School preference and admission appeals data collection,
,,,,School censuses and school-level annual school censuses (SLASC),
,,,,Phonics screening checks,
,,,,Key stage 1 and 2 assessments data collection,
,,,,General hospital school censuses,
,,,,School exclusion reviews,
,,,,Special educational needs surveys,
,,,,Alternative provision censuses,
,,,,Parental responsibility measures attendance censuses,
,,,,School capacity surveys,
,,School and academy financial management and assurance,,,
,,,Local authority schools financial reporting and assurance,,
,,,Academy and academy trust finance and reporting,,
,,,School procurement,,
,,,"Financial management, reporting and assurances for 16 to 19 year olds funding",,
,,Funding and finance for students,,,
,,,Student loans,,
,,,Financial help for students who are parents or carers,,
,,,"Student grants, bursaries and scholarships",,
,,School curriculum,,,
,,,Exam regulation and administration,,
,,,Key stage 5 (AS and A Levels),,
,,,,"Key stage 5 exam marking, qualifications and results",
,,,,AS and A level changes and reforms,
,,,,AS and A level subject content and requirements,
,,,"Personal, social, health and economic education",,
,,,"Secondary curriculum, key stage 3 and key stage 4 (GCSEs)",,
,,,,GCSE subject content and requirements,
,,,,"Key stage 3 and 4 exam marking, qualifications and results",
,,,,GCSE changes and reforms,
,,,Early years curriculum,,
,,,"Spiritual, moral, social and cultural development",,
,,,"Primary curriculum, key stage 2",,
,,,,Tests and assessments (key stage 2),
,,,,English (key stage 2),
,,,,Science (key stage 2),
,,,,Maths (key stage 2),
,,,,Programmes of study (key stage 2),
,,,"Primary curriculum, key stage 1",,
,,,,Tests and assessments (key stage 1),
,,,,Phonics,
,,,,Maths (key stage 1),
,,,,Science (key stage 1),
,,,,Programmes of study (key stage 1),
,,Special educational needs and disability (SEND) and high needs,,,
,,,Funding for special educational needs and disability (SEND),,
,,,Funding for high needs,,
,,,Support for special educational needs and disability (SEND) ,,
,,School and academy funding,,,
,,,Initial Teacher Training funding,,
,,,,School Direct funding,
,,,,Subject Knowledge Enhancement (SKE) funding,
,,,Schools forums,,
,,,Pupil premium and other school premiums ,,
,,,Funding for school buildings and land,,
,,,Free school meals (FSM) funding ,,
,,,Funding for different types of schools and settings,,
,,,,Academy funding,
,,,,Early years funding,
,,,,Funding for 16 to 19 year olds in schools,
,,,,Local authority schools funding,
,,,,Alternative provision funding,
,,,,Special schools funding,
,,,Funding for school places,,
,"Parenting, childcare and children's services ",,,,
,,"Divorce, separation and legal issues",,,
,,,Child custody,,
,,,Disagreements about parentage,,
,,,Child maintenance,,
,,Childcare and early years,,,
,,,Local authorities and early years,,
,,,Finding childcare,,
,,,Providing childcare,,
,,,,Funding and finance for childcare providers,
,,,,"Children's centres, childminders, pre-schools and nurseries",
,,,,Performance and inspection of childcare providers,
,,,,Recruiting and managing early years staff,
,,,,Becoming a childcare provider,
,,,,Early years curriculum (0 to 5),
,,,Data collection for early years and childcare,,
,,,,Early years census,
,,,,Early years foundation stage profile return,
,,Financial help if you have children,,,
,,,Financial help if you have a disabled child,,
,,,Child benefit,,
,,,Financial help when having a baby,,
,,,Tax credits if you have children,,
,,,Savings accounts for children,,
,,,Financial help if you're a student with children,,
,,,Financial support for childcare,,
,,"Adoption, fostering and surrogacy",,,
,,,Adoption,,
,,,Intercountry adoption,,
,,,Fostering,,
,,,Special guardianship,,
,,,Surrogacy,,
,,Children's health and welfare,,,
,,,Children's health,,
,,,Support for children with special educational needs and disabilities (SEND),,
,,,Children's rights,,
,,,Mental health of children and young people,,
,,,Help for children with a long-term illness or disability,,
,,,Child poverty,,
,,Youth employment and social issues,,,
,,Pregnancy and birth,,,
,,,Register the birth of a child,,
,,,Working and time off when you're having a baby,,
,,Safeguarding and social care for children,,,
,,,Child and family social work,,
,,,Safeguarding and child protection,,
,,,,Data collection for safeguarding and child protection,
,,,,Child abduction and cross-border child protection,
,,,,Serious case reviews,
,,,,"Refugee, runaway and homeless children",
,,,,"Preventing neglect, abuse and exploitation",
,,,Looked-after children and children in care,,
,,,,"Health, wellbeing and education of looked-after children",
,,,,Data collection for looked-after children,
,,,,Children's homes and other accommodation,
,,,,Children and young people leaving care,
,,,Children's social care providers,,
,,,,Becoming a children's social care provider,
,,,,Social care provider complaints,
,,,,Inspection of children's social care providers,
,,,,,Inspections of fostering and adoption agencies
,,,,,Inspections of local authority children's services
,,,,,Children's homes and other residential care inspections
,,,,,"Incidents, concerns and feedback about children's social care providers"
,Corporate information,,,,
,Transport,,,,
,,Transport modelling and appraisal,,,
,,Transport accessibility and mobility,,,
,,,Taxi and private hire accessibility,,
,,,Mobility scooters and wheelchairs,,
,,,Blue badges,,
,,,Help on public transport,,
,,Rail,,,
,,,Rail ticketing and fares,,
,,,Rail stations,,
,,,Crossrail,,
,,,Rail accessibility,,
,,,Rail network,,
,,,Rail infrastructure,,
,,,Rail interoperability,,
,,,Rail passenger experience,,
,,,Rail safety and security,,
,,,Rail franchising,,
,,,,Rail franchise procurement,
,,,,Rail franchise public register,
,,,HS2,,
,,,,HS2 archaeology,
,,,,HS2 and the environment,
,,,,HS2 corporate,
,,,,HS2 property,
,,,,HS2 business case,
,,,,HS2 construction and engineering,
,,,,HS2 supply chain,
,,,,HS2 stations,
,,,,HS2 stakeholder and community engagement,
,,,,HS2 design,
,,,,HS2 additional provisions,
,,,,HS2 legislation,
,,,,HS2 costs,
,,,,HS2 Phase Two,
,,,,,HS2 Phase 2b
,,,,,HS2 Phase 2a
,,,,HS2 Phase One,
,,,,HS2 planning,
,,,Community rail,,
,,,Rail network and the environment,,
,,,Rolling stock (passenger trains),,
,,,Rail accidents and serious incidents,,
,,Transport planning,,,
,,Transport security,,,
,,Corporate and operational information (transport),,,
,,Driving and road transport,,,
,,,Vans and minibuses,,
,,,Cycling and walking,,
,,,Autonomous road vehicles,,
,,,"Vehicle ownership, approval and standards",,
,,,,Driver and vehicle record,
,,,,Vehicle import and export,
,,,,Vehicle tax,
,,,,Vehicle insurance,
,,,,MOTs,
,,,,,"Lorry, bus and trailer MOT tests"
,,,,,"Car, motorcycle and van MOT tests"
,,,,Vehicle manufacturing and modification,
,,,,Vehicle recalls,
,,,,HGV standards and checks,
,,,,"Vehicle registration, log books and number plates",
,,,,PSV standards and checks,
,,,,"Buying, selling, registering and scrapping a vehicle",
,,,Driving and motorcycle tests,,
,,,,Motorcycle training,
,,,,Theory tests,
,,,,"Lorry, bus, coach and specialist vehicle driving tests",
,,,,Car driving tests,
,,,,Motorcycle and moped tests,
,,,Driving licences,,
,,,,Personal driving licence information,
,,,,Driving licence categories,
,,,,Foreign driving licences,
,,,,Driving abroad,
,,,,Driving licences and medical conditions,
,,,,Driving licence applications and renewals,
,,,"Road safety, driving rules and penalties",,
,,,,Driving and medical conditions,
,,,,Driving and mobile phones,
,,,,Seat belts,
,,,,Speeding,
,,,,"Penalty points, fines and driving bans",
,,,,Towing,
,,,,Drivers' hours,
,,,,Drink and drug driving,
,,,,Road accidents and serious accidents,
,,,Driving instruction and driving lessons,,
,,,,Driving examination,
,,,,"Driving, motorcycle and LGV instructor qualification process",
,,,,Professional development for driving and motorcycle instructors,
,,,,Driving instructor registration and renewals,
,,,"Professional driving of lorries, buses and coaches",,
,,,,EU and international driving rules,
,,,,Tachographs,
,,,,Driver CPC training,
,,,Transport businesses and vehicle operator licences,,
,,,,Fleet management,
,,,,Driver CPC training centres,
,,,,Vehicle operator licences,
,,,,,Public service vehicles licensing
,,,,,HGV and goods carriage vehicle licensing
,,,,,Taxi and private hire vehicle licensing
,,,,Employing drivers,
,,,Road transport and the environment,,
,,,,Renewable fuels,
,,,,Low emission and electric vehicles,
,,,,Road transport emissions,
,,,Road traffic,,
,,Freight and cargo,,,
,,,Transporting abnormal loads,,
,,,Road freight,,
,,,Rail freight and cargo,,
,,,Transporting dangerous goods,,
,,,,Safe transport of dangerous goods by road and rail,
,,,,Safe transport of dangerous goods by sea,
,,,Vessel cargo,,
,,Road infrastructure,,,
,,,Road maintenance,,
,,,Animals on roads,,
,,,Advice for drivers,,
,,,Roads and the environment,,
,,,Smart motorways,,
,,,Parking,,
,,,"Traffic signs, signals and markings",,
,,,Speed limits and traffic cameras,,
,,,Road tolls and charges,,
,,,Road improvement and investment,,
,,,,Major roads,
,,,,Motorways,
,,,,Local roads,
,,,,Making roads safer,
,,,,Road resurfacing,
,,,Road works and street works,,
,,,,Road closures,
,,,,Weekend closures,
,,,,Planned roadworks,
,,,,Overnight works,
,,,,Property affected by roadworks and street works,
,,Careers in transport,,,
,,Maritime and shipping,,,
,,,UK sea passengers,,
,,,Maritime passenger rights,,
,,,Waterways (maritime),,
,,,Maritime security,,
,,,Vessel surveys and inspection,,
,,,Fishing,,
,,,Maritime enforcement and prosecution,,
,,,"Seafarer management, training and certification",,
,,,,Employment of seafarers,
,,,,Ship crew training and certification,
,,,,Ship crew health and safety,
,,,Wrecks,,
,,,Coastguard search and rescue,,
,,,Maritime navigation,,
,,,Maritime and the environment,,
,,,Maritime safety,,
,,,,Safe and compliant operation of vessels,
,,,,Life saving appliances (LSA),
,,,"Ports, harbours and offshore installations",,
,,,Vessel registration and design,,
,,,,Vessel design,
,,,,Vessel registration,
,,,,Ship equipment,
,,,Maritime accidents and serious incidents,,
,,Aviation,,,
,,,Air routes,,
,,,Aviation passenger experience,,
,,,Air passenger duty,,
,,,Aviation and Europe,,
,,,Night flights,,
,,,New aviation technology,,
,,,,Drones,
,,,,Spaceflight,
,,,Surface access to airports,,
,,,Airport capacity and expansion,,
,,,Aviation and the environment,,
,,,Aviation safety and security,,
,,,Air navigation,,
,,,Air accidents and serious incidents,,
,,,General aviation,,
,,Local transport,,,
,,,Inland waterways,,
,,,Travel passes and concessions,,
,,,Light rail and trams,,
,,,Local transport funding,,
,,,Buses,,
,,,,Buses and the environment,
,,,,Bus operators,
,,,,Bus passenger experience,
,,,,Improvements to buses,
,,,,Bus accessibility,
,,,,"Bus services, routes and timetables",
,,,Tube,,
,Environment,,,,
,,Environmental permits,,,
,,Water industry,,,
,,,Discharge water,,
,,,Impound (store) water,,
,,,Abstract (take) water,,
,,,Water quality,,
,,,Drought and water availability,,
,,,Water and sewerage services,,
,,Climate change and energy,,,
,,,Energy infrastructure,,
,,,Emissions and emissions trading,,
,,,Energy efficiency,,
,,,Energy security,,
,,,Low carbon technologies,,
,,,Energy and climate change: evidence and analysis,,
,,,Greenhouse gas emissions,,
,,,Climate change international action,,
,,,Climate change adaptation,,
,,,Hydropower,,
,,Rural and countryside,,,
,,,Boats and waterways,,
,,,Countryside,,
,,,,Access to the countryside,
,,,,"Parks, trails and nature reserves",
,,,Forests and woodland,,
,,,Rural development and land management,,
,,,,Commons and greens,
,,,,Pollution,
,,,,Protected sites,
,,,,"Weeds and invasive, non-native plants",
,,,,Hedgerows,
,,,,Farming,
,,,,Contaminated land,
,,,,Economic growth in rural areas,
,,,,Rural economy and community,
,,Pollution and environmental quality,,,
,,"River maintenance, flooding and coastal erosion",,,
,,"Wildlife, animals, biodiversity and ecosystems",,,
,,,Biodiversity and ecosystems,,
,,,Wildlife and animal welfare,,
,,,Animal and plant health,,
,,,Protected sites and species,,
,,,,Marine sites and species,
,,,,Land sites,
,,,,Land species,
,,,Wildlife and habitat conservation,,
,,,,Birds,
,,,,Fish and shellfish,
,,,,Plants,
,,,,Invertebrates,
,,,,Reptiles and amphibians,
,,,,Mammals,
,,,Pets,,
,,,Animal welfare,,
,,"Commercial fishing, fisheries and vessels",,,
,,,"Fishing regulations, monitoring and enforcement",,
,,,,Catch Quota Trials,
,,,,First sale marine fish,
,,,,Fisheries statistics,
,,,,Sales notes and electronic recording systems,
,,,,Fishing quota and catch limits ,
,,,Fisheries funding,,
,,,Fishing vessels,,
,,,,Vessel and crew safety and certification,
,,,,Vessel surveys and inspections,
,,,,Vessel licensing,
,,,,Vessel monitoring systems,
,,,,Vessel licensing and lists,
,,,Marine fisheries,,
,,,Freshwater fisheries,,
,,"Oil, gas and coal",,,
,,,Oil spills,,
,,,Oil and gas licensing,,
,,,Exploration and production,,
,,,Infrastructure and decommissioning,,
,,,Carbon capture and storage,,
,,,Oil and gas finance and taxation,,
,,,,Market values,
,,,,Tax and profits,
,,,Fields and wells,,
,,,Onshore oil and gas,,
,,,Coal,,
,,,,Mine water management,
,,,,Mining reports and data,
,,,,Property and development,
,,,,Mining permits and licences,
,,Waste and recycling,,,
,,,Waste and environmental impact,,
,,,Waste management,,
,,,Radioactive and nuclear substances and waste,,
,,Food and farming,,,
,,,Food and farming industry,,
,,,Common Agricultural Policy reform,,
,,,Keeping farmed animals,,
,,,,Cattle deaths,
,,,,Deer farming,
,,,,"Pig identification, registration and movements",
,,,,"Shows, fairs and markets",
,,,,Veterinary medicines,
,,,,Poultry registration,
,,,,"Sheep and goats identification, registration and movements",
,,,,Import and export of farmed animals,
,,,,"Cattle identification, registration and movements",
,,,,Reporting disease and disease outbreaks,
,,,,Bovine tuberculosis (bovine TB),
,,,Producing and distributing food,,
,,,,Crops and horticulture ,
,,,,Food labelling and safety,
,,,,"Import, export and distribution of food",
,,,,Meat production,
,,,,Dairy and milk production,
,,,,Sugar,
,,,,Egg production and marketing,
,,,Farming and food grants and payments,,
,,,,Intervention schemes,
,,,,Rural grants and payments,
,,,,,Basic Payment Scheme (BPS)
,,,,,Common Agricultural Policy (CAP) reform
,,,,,Cross-compliance
,,,,,Rural development
,,,,,Online applications and payments
,,,,,Countryside stewardship
,,,,School milk scheme,
,,,,Private storage aid,
,,Marine,,,
,,,Harbour orders,,
,,,Sea fishing,,
,,,Harbours,,
,,,Marine protection and wildlife,,
,,,Species protection and marine conservation,,
,,,Treasure and wrecks,,
,,,Marine licences,,
,,,Hydrography,,
,,,Marine planning,,
,,,Marine environment,,
,,Chemicals,,,
,,,F-gases and HCFCs,,
,,,Polychlorinated biphenyl (PCBs),,
,,,Mercury,,
,,,Contaminated land,,
,,,REACH regulations,,
,Welfare,,,,
,,Child Benefit,,,
,,,Support for families,,
,,,High Income Tax Charge,,
,,Carers and disability benefits,,,
,,Child maintenance reform,,,
,,Death and benefits,,,
,,Benefits for families,,,
,,Heating and housing benefits,,,
,,Tax credits,,,
,,Benefits entitlement,,,
,,Jobseeker's Allowance and low income benefits,,,
,,Universal Credit,,,
,,Welfare reform,,,
,"Housing, local and community",,,,
,,Land registration,,,
,,,Business and mortgage services,,
,,,,Mortgage services,
,,,,Spatial data,
,,,,Ownership verification ,
,,,,Risk management,
,,,,Conveyancing services ,
,,,,Property portfolio management ,
,,,"Land registration searches, fees and forms",,
,,,Land Registration Data ,,
,,Housing,,,
,,,Homelessness and rough sleeping,,
,,,Council housing and housing association,,
,,,Being a landlord and renting out a room,,
,,,"Repossessions, emergency housing and evictions",,
,,,Housing for older and vulnerable people,,
,,,Owning and renting a property,,
,,,Freehold and leasehold property,,
,,,Tenancies and leases,,
,,,Rented housing sector,,
,,,Homebuying,,
,,,Housing regulation,,
,,,"Recycling, rubbish, streets and roads",,
,,,Housing funding programmes,,
,,,Safety and the environment in your community,,
,,,"Neighbours, noise and pests",,
,,Planning and building,,,
,,,Landscape,,
,,,Planning system,,
,,,Land and development opportunities,,
,,,Planning reform,,
,,,Planning permission and appeals,,
,,,House building,,
,,,Building regulation,,
,,,Local Plans,,
,,,Housing design and sustainability,,
,,,Environmental planning,,
,,,Party walls,,
,,,Energy efficiency in buildings,,
,,Household energy,,,
,Life circumstances,,,,
,,"Having a child, parenting and adoption",,,
,,"Certificates, register offices, changes of name or gender",,,
,,"Lasting power of attorney, being in care and your financial affairs",,,
,,"Marriage, civil partnership and divorce",,,
,,,Help and support if you have children,,
,,,Child maintenance,,
,,,Getting separated or divorced,,
,,,Getting married ,,
,,Death and bereavement,,,
,,,Death registration disclosure,,
,International,,,,
,,Foreign affairs,,,
,,,Afghanistan,,
,,,Peace and stability in the Middle East and North Africa,,
,,,Falkland Islanders' right to self-determination,,
,,,Piracy off the coast of Somalia,,
,,,UK Overseas Territories,,
,,,Iran's nuclear programme,,
,,,Conflict in fragile states,,
,,International aid and development,,,
,,,Women and girls in developing countries,,
,,,Health in developing countries,,
,,,Governance in developing countries,,
,,,Overseas aid transparency,,
,,,Overseas aid effectiveness,,
,,,Climate change impact in developing countries,,
,,,Economic growth in developing countries,,
,,,Hunger and malnutrition in developing countries,,
,,,Education in developing countries,,
,,,Humanitarian emergencies,,
,,,Water and sanitation in developing countries,,
,,Human rights internationally,,,
,,"UK prosperity and security: Asia, Latin America and Africa",,,
,,Anti-corruption,,,
,,The Commonwealth,,,
,,Sexual violence in conflict,,,
,Defence and armed forces,,,,
,,UK nuclear deterrent,,,
,,Weapons proliferation,,,
,,Armed forces support for activities in the UK,,,
,,Armed forces,,,
,,Support services for veterans and their families,,,
,,Support services for military and defence personnel and their families,,,
,,,British Forces Post Office,,
,,,Housing and accommodation,,
,,,Pensions and compensation,,
,,Military awards and commemorations,,,
,,,Honours and awards,,
,,,Veterans,,
,,,Medals,,
,,Ministry of Defence estate,,,
,,,Military crash sites,,
,,,Sale of land,,
,,,Art collection,,
,,,Film locations,,
,,,Public access,,
,,"Military recruitment, training and operations",,,
,,"Military equipment, logistics and technology",,,
,,International defence commitments,,,
,,Stability in the Western Balkans,,,
,,Armed forces and Ministry of Defence reform,,,
,,Armed Forces Covenant,,,
,,Nuclear disarmament,,,
,"Crime, justice and law",,,,
,,Young people and the law,,,
,,Statutory rights,,,
,,Your rights and the law,,,
,,Crime prevention,,,
,,Prisons and probation,,,
,,,Prisons healthcare,,
,,,MAPPA,,
,,Legal aid,,,
,,,High cost and complex cases,,
,,,Electronic working,,
,,,Payments and processing,,
,,,Tenders,,
,,,Crime,,
,,,Civil and crime contracts,,
,,Reporting crimes and getting compensation,,,
,,"Courts, sentencing and tribunals",,,
,,Counter-terrorism,,,
,,Policing,,,
,,"Knife, gun and gang crime",,,
,,Reoffending and rehabilitation,,,
,,Legal aid reform,,,
,,Attorney General guidance to the legal profession,,,
,,Forced marriage,,,
,,Domestic violence,,,
,,Law and practice,,,
,,,Copyright,,
,,,Patents,,
,,,Designs,,
,,,Trade marks,,
,,Family justice system,,,
,,Justice system transparency,,,
,,Violence against women and girls,,,
,,Criminal justice reform,,,
,,Civil justice reform,,,
,,Criminal record disclosure,,,
,,Victims of crime,,,
,,Sentencing reform,,,
,,Administrative justice reform,,,
,,Byelaws,,,
,,Data protection,,,
,,Counter-extremism ,,,
,Regional and local government,,,,
,,Devolution,,,
,,Local government,,,
,,,Local government finance and capital assets,,
,,,Local government pensions,,
,,,Council Tax,,
,,,,Renting,
,,,,Council Tax bands,
,,,,Appeals and reductions,
,,,,Council Tax reform,
,,,Local Housing Allowance,,
,,,Business rates,,
,,,,Your rateable value,
,,,,"Relief, refunds and rebates",
,,,,Submit your rent or lease details,
,,,Data collection and reporting,,
,,,Councils and elections,,
,,Wales,,,
,,,Welsh devolution,,
,,,Economic growth in Wales,,
,,Local government spending,,,
,,Northern Ireland,,,
,,,Northern Ireland economy,,
,,,Northern Ireland political stability,,
,,,Northern Ireland community relations,,
,,,Northern Ireland security,,
,,Localism,,,
,,Scotland,,,
,,,Scottish devolution,,
,,,Scottish constitution,,
,,Local councils and services,,,
,Society and culture,,,,
,,"Charities, volunteering and honours",,,
,,British citizenship ,,,
,,Community and society,,,
,,,National Lottery funding,,
,,,Social investment,,
,,,Social action,,
,,,Community integration,,
,,Arts and culture,,,
,,,Conservation of historic buildings and monuments,,
,,,Library services,,
,,,Museums and galleries,,
,,Sports and leisure,,,
,,,Community amateur sports clubs (CASCs),,
,,,Recreation,,
,,,Sports participation,,
,,,Elite sports performance,,
,,,2012 Olympic and Paralympic legacy,,
,,National events and ceremonies,,,
,,"Equality, rights and citizenship",,,
,,,Equality,,
,,,Poverty and social justice,,
,,,Social mobility,,
,,Loneliness,,,
,,Tourism,,,
,,Digital inclusion and accessibility,,,
,,Young people,,,
,Government,,,,
,,Public sector land use,,,
,,Brexit,,,
,,,Brexit guidance for UK citizens,,
,,,,Visit Europe after Brexit,
,,National security,,,
,,"Government efficiency, transparency and accountability",,,
,,,Government spending,,
,,,,Government funding programmes,
,,,Major project management,,
,,,Deficit reduction,,
,,"Emergency preparation, response and recovery",,,
,,,Fire prevention and rescue,,
,,Public services,,,
,,Government technology and digital services,,,
,,,Buying technology,,
,,,,Digital Marketplace,
,,,,Digital outcomes and specialists framework,
,,,Managing government websites,,
,,,,Hosting your service,
,,,Public Service Network (PSN),,
,,,User research,,
,,,Digital transformation,,
,,,,Smarter working,
,,,,Green technology,
,,,,Job roles and talent acquisition ,
,,,,Cloud strategy,
,,,,Legacy,
,,,APIs and app development,,
,,,,APIs,
,,,,Application development,
,,,Digital security,,
,,,,End user devices,
,,,,Risk management,
,,,,Cloud security,
,,,,Email,
,,,,Passwords,
,,,,Phishing ,
,,,,Identity assurance,
,,,,Digital service security,
,,,Open source and open standards,,
,,,,Open standards,
,,,,Open source,
,,,GOV.UK services,,
,,,,Performance platform,
,,,,GovWifi,
,,,,GOV.UK Pay,
,,,,GOV.UK Registers,
,,,,GOV.UK Proposition,
,,,,GOV.UK Platform as a Service (PaaS),
,,,,GOV.UK Verify,
,,,,GOV.UK Notify,
,,,Networks and telecommunications,,
,,,,Telecommunications,
,,,,Networking,
,,,Data,,
,,,,Data usage,
,,,,Data provisioning,
,,,Design and build of government services,,
,,,,Digital Service Standard,
,,,,Design principles,
,,,,Government content and publishing,
,,Sustainable development,,,
,,Cyber security,,,
,,Europe,,,
,,,European single market,,
,,,European Union laws and regulation,,
,,,European funds,,
,,Democracy,,,
,,,Voting,,
,,,Constitutional affairs,,
,,,Legislative process,,
,,Government reform ,,,
,,,Postal service reform,,
,,,Civil service reform,,
,Work,,,,
,,Secondments with government,,,
,,Government graduate schemes,,,
,,Self-employment,,,
,,,Tax and National Insurance,,
,,,Paying HMRC,,
,,,Stopping or selling your business,,
,,,Managing expenses,,
,,,Self Assessment,,
,,Labour market reform,,,
,,Health and safety reform,,,
,,Work and disabled people,,,
,,"Working, jobs and pensions",,,
,,,Recruiting and hiring,,
,,,Finding a job,,
,,,"Your pay, tax and the National Minimum Wage",,
,,,Workplace bullying and harassment,,
,,,"Holidays, time off, sick leave, maternity and paternity leave",,
,,,Workplace and personal pensions,,
,,,Your rights at work and trade unions,,
,,,State Pension,,
,,,Contracts and working hours,,
,,,"Redundancies, dismissals and disciplinaries",,
,,Payroll,,,
,,Pensions and ageing society,,,
,,,Older people,,
,,,Public service pensions,,
,,,Automatic enrolment in workplace pensions,,
,,,State Pension simplification,,
,,,State Pension age,,
,,Trade unions,,,
,,Health and safety at work,,,
,Money,,,,
,,Expenses and employee benefits,,,
,,"Court claims, debt and bankruptcy",,,
,,Money laundering regulations,,,
,,,Registration for specific business types,,
,,,Your role under the regulations,,
,,,Problems and compliance checks,,
,,Business tax,,,
,,,Climate Change Levy,,
,,,Business tax reform,,
,,,VAT,,
,,,,Accounting for VAT,
,,,,Exporting goods and services,
,,,,Paying,
,,,,Exchange rates,
,,,,Overseas businesses and UK VAT,
,,,,VAT MOSS,
,,,,Charging VAT,
,,,,Rules for particular trades,
,,,,VAT returns,
,,,,Importing goods and services,
,,,,Reclaiming VAT on a new home,
,,,Fuel Duty,,
,,,,Moving and storing goods,
,,,,Payments and reliefs (Fuel duty),
,,,Alcohol duties,,
,,,,Moving and storing goods,
,,,,Payments and reliefs (Alcohol duty),
,,,Pension scheme administration,,
,,,,Administering a pension scheme,
,,,,Tax on pensions,
,,,,Pension scheme trustees,
,,,,Paying into a pension scheme,
,,,,Overseas schemes,
,,,International tax,,
,,,,Oil and gas,
,,,,Shipping,
,,,,Double taxation,
,,,Stamp duty and other tax on property,,
,,,,Stamp Duty before December 2003,
,,,,Pay your SDLT bill,
,,,,SDLT on specific transactions,
,,,,Annual Tax on Enveloped Dwellings,
,,,,Filing a SDLT return,
,,,Investment schemes,,
,,,,Collective Investment Schemes,
,,,,Venture capital schemes,
,,,Landfill Tax,,
,,,,Payments and reliefs (landfill tax),
,,,Corporation Tax,,
,,,,Preparing accounts for Corporation Tax,
,,,,Changes to your company,
,,,,Working out your Corporation Tax,
,,,,Filing your return,
,,,,Reliefs,
,,,,Payments and refunds,
,,,Gambling duties,,
,,,,Bingo Duty,
,,,,Lottery Duty,
,,,,Gaming Duty,
,,,,Machine Games Duty,
,,,,"General Betting Duty, Pool Betting Duty and Remote Gaming Duty",
,,,,Paying HMRC,
,,,Employment related securities,,
,,,,National Insurance transfers,
,,,,Returns and notifications,
,,,,Asset valuation,
,,,,SAYE bonus rates,
,,,Construction Industry Scheme (CIS),,
,,,,Contractors,
,,,,Payments,
,,,,Subcontractors,
,,,Tobacco Products Duty,,
,,,,Moving and storing goods,
,,,,Payments and reliefs (tobacco products duty),
,,,Aggregates Levy,,
,,,,Payments and reliefs (aggregates levy),
,,,Air Passenger Duty,,
,,,Capital allowances,,
,,,Stamp duty on shares,,
,,,,Stamp tax on paper shares,
,,,,Stamp tax on electronic shares,
,,,IR35: working through an intermediary,,
,,,,Employment intermediaries,
,,,,Off-payroll working rules,
,,,,Employment status,
,,,Life insurance policies,,
,,,Insurance Premium Tax,,
,,,,Paying Insurance Premium Tax,
,,,PAYE,,
,,,,Registering and getting started,
,,,,Paying HMRC,
,,,,Annual PAYE and payroll tasks,
,,,,"Employees joining, leaving or changing their circumstances",
,,,,Expenses and benefits,
,,,,Changes to the business that affect PAYE,
,,,,Statutory pay and leave,
,,,,Special types of employee pay,
,,,Large and mid-size business,,
,,,,Mid-sized businesses,
,,,,Large businesses,
,,Dealing with HMRC,,,
,,,Paying HMRC,,
,,,,Inheritance Tax,
,,,,Pension schemes,
,,,,Tax credit overpayments,
,,,,Alcohol duties,
,,,,Child Benefit overpayments,
,,,,Property taxes,
,,,,Corporation Tax,
,,,,Money laundering regulation fees,
,,,,Shares,
,,,,VAT,
,,,,Transport and environmental duties,
,,,,Payment problems,
,,,,Construction Industry Scheme (through PAYE),
,,,,Insurance Premium Tax,
,,,,Capital Gains Tax,
,,,,Income Tax and National Insurance,
,,,,Gambling duties,
,,,,PAYE ,
,,,Tax agent and adviser guidance,,
,,,,Working with HMRC - joint initiatives,
,,,,Appeals and penalties,
,,,,Agent authorisation,
,,,,Compliance checks,
,,,,Money laundering regulations,
,,,Complaints and appeals,,
,,,Phishing and scams,,
,,,Tax compliance,,
,,,,Disclosing offshore income,
,,,,Reporting tax evasion,
,,,,International agreements and FATCA,
,,,,Disputes,
,,,,Clearances and approvals,
,,,,Non-payment and fraud,
,,,,Compliance checks,
,,,Tax avoidance,,
,,,,Identifying avoidance schemes,
,,,,Disclosing avoidance schemes,
,,,,Disguised remuneration schemes,
,,,Shared Workspace service,,
,,,Software development for HMRC,,
,,,,HMRC recognition scheme,
,,,,New to HMRC development,
,,,,Working in partnership,
,,,,Software development support,
,,Personal tax,,,
,,,Living or working abroad or offshore,,
,,,,Living and working abroad,
,,,,Rules for specific occupations,
,,,Tax on savings and investments,,
,,,,Tax on shares,
,,,,Tax efficient savings and investments,
,,,,Tax on savings,
,,,,Guidance for financial institutions,
,,,Leaving the UK,,
,,,Non-resident landlord scheme,,
,,,Trusts,,
,,,Inheritance Tax,,
,,,,Wills and probate,
,,,,Reliefs,
,,,,Working out the tax,
,,,,Paying HMRC,
,,,Self Assessment,,
,,,,Paying your tax bill,
,,,,"Refunds, appeals and penalties",
,,,,Records you must keep,
,,,,Filing a tax return,
,,,,Registering for Self Assessment,
,,,Income Tax,,
,,,,Welsh rate of Income Tax,
,,,,"Rates, allowances and reliefs",
,,,,Pensions,
,,,,Scottish rate of Income Tax,
,,,,Student jobs and loans,
,,,,Company benefits and share schemes,
,,,,Overpayments and underpayments,
,,,,Special types of pay,
,,,Capital Gains Tax,,
,,,,Business,
,,,,Property,
,,,,Shares and investments,
,,,,Personal possessions,
,,,,Divorce and separation,
,,,,Paying HMRC,
,,,Coming to the UK,,
,,,National Insurance,,
,,,,Refunds,
,,,,National Insurance numbers,
,,,,Voluntary contributions,
,,,,Rates and classes,
,,,Foreign entertainer tax rules,,
,,,Personal tax reform,,
,,Tax evasion and avoidance,,,
,Business and industry,,,,
,,Running a business,,,
,,,Business finance and support,,
,,,Business premises and business rates,,
,,,Limited companies and partnerships,,
,,,,Directorship disqualification,
,,,,Overseas companies and European companies,
,,,,Partnerships,
,,,,"Company closure, administration, liquidation and insolvency ",
,,,,Company names,
,,,Employing people,,
,,,,Payroll,
,,,,Recruiting and hiring,
,,,,Dismissing staff and redundancies,
,,,Business licensing ,,
,,,Business debt and bankruptcy,,
,,,"Business auditing, accounting and reporting",,
,,Corporate governance,,,
,,Business regulation,,,
,,,State aid,,
,,,Competition,,
,,,,Competition Act and cartels,
,,,,Mergers,
,,,,Markets,
,,,,Regulatory appeals and references,
,,,,Consumer protection,
,,,,Competition law,
,,,Intellectual property,,
,,,,Patents,
,,,,Trade marks,
,,,,Designs,
,,,,Copyright,
,,,Alcohol licensing ,,
,,,Product safety,,
,,,Energy industry and infrastructure licensing and regulation,,
,,,Sale of goods and services and data protection,,
,,,Regulation reform,,
,,,,Company law reform,
,,,Consumer rights and issues,,
,,,,Consumer protection,
,,,,Gambling regulation,
,,,,Consumer credit market,
,,Charities and social enterprises,,,
,,,Community interest companies,,
,,,"Charity money, tax and accounts",,
,,,Fundraising,,
,,,Trustee role and board,,
,,Science and innovation,,,
,,,Animal research and testing,,
,,,Research and development,,
,,,Scientific research and development,,
,,Trade and investment,,,
,,,Overseas businesses: exporting to the UK,,
,,,"Customs declarations, duties and tariffs (import and export)",,
,,,,Rules for specific goods and services,
,,,,Exchange rates,
,,,,Get goods through customs,
,,,,UK Trade Tariff and classification of goods,
,,,,Customs Freight Simplified Procedures,
,,,,Commodity codes and reporting,
,,,Digital trade,,
,,,Exporting,,
,,,,Embargoes and sanctions,
,,,,Export controls and licensing,
,,,,Export finance,
,,,,Trade restrictions on exports,
,,,,Licences and special rules,
,,,Trade barriers,,
,,,Importing,,
,,,,Commodity codes and reporting,
,,,,Wood packaging,
,,,,Import controls,
,,,Inward investment,,
,,,Outward investment,,
,,,Free trade,,
,,Manufacturing,,,
,,UK economy,,,
,,,UK economic growth,,
,,,,Economic development in coastal and seaside areas,
,,,,Management of the European Regional Development Fund,
,,,,Local Enterprise Partnerships (LEPs) and Enterprise Zones,
,,,City deals and growth deals,,
,,,Regional growth fund,,
,,,High streets and town centres,,
,,Industrial strategy,,,
,,Business and the environment,,,
,,,UK energy security,,
,,,Energy demand reduction,,
,,Media and communications,,,
,,,Communications and telecomms,,
,,,Broadband investment,,
,,,Media and creative industries,,
,,Financial services,,,
,,,Access to financial services,,
,,,Financial services regulation,,
,,,Bank regulation,,
,Health and social care,,,,
,,Social care,,,
,,,End of life care,,
,,,Carers' health,,
,,,Health and social care integration,,
,,Disabled people,,,
,,,Disability equipment and transport,,
,,,Carers,,
,,,Disability rights,,
,,,Benefits and financial help,,
,,National Health Service,,,
,,,Health workforce,,
,,,,Careers in health and social care,
,,,,Health and social care training,
,,,Patient safety,,
,,,NHS efficiency,,
,,,Compassionate care in the NHS,,
,,Public health,,,
,,,Human fertilisation and embryology,,
,,,Sexual health,,
,,,Health protection,,
,,,,Migrant health,
,,,,Emergency response,
,,,,Infectious diseases,
,,,,Immunisation,
,,,,Antimicrobial resistance (AMR),
,,,,Radiation protection,
,,,,Laboratories and reference facilities,
,,,,"Research, testing and standards",
,,,,Health surveillance and reporting programmes,
,,,,Chemical and environmental hazards,
,,,,Health emergency planning,
,,,Population screening programmes,,
,,,,NHS infectious diseases in pregnancy screening (IDPS) programme,
,,,,NHS newborn hearing screening programme (NHSP),
,,,,NHS bowel cancer screening (BCSP) programme,
,,,,NHS breast screening (BSP) programme ,
,,,,NHS fetal anomaly screening programme (FASP),
,,,,NHS newborn blood spot (NBS) screening programme,
,,,,NHS sickle cell and thalassaemia (SCT) screening programme,
,,,,NHS newborn and infant physical examination (NIPE) screening programme,
,,,,NHS diabetic eye screening (DES) programme,
,,,,NHS cervical screening (CSP) programme ,
,,,,NHS abdominal aortic aneurysm (AAA) programme,
,,,,Quality assurance in population screening,
,,,Abortion,,
,,,Ophthalmology,,
,,,Dentistry ,,
,,,Health conditions,,
,,,,Diabetes,
,,,,Heart disease,
,,,,Learning disabilities,
,,,,Cancer research and treatment,
,,,,Obesity,
,,,,Dementia,
,,,,Autism,
,,,Mental health,,
,,,,Mental health service reform,
,,,Health improvement,,
,,,,Exercise and physical activity,
,,,,Oral health,
,,,,Healthy eating,
,,,,Smoking,
,,,,Drug misuse and dependency,
,,,,Harmful drinking,
,,Technology in health and social care,,,
,,Research and innovation in health and social care,,,
,,Blood regulation and safety,,,
,,"Medicines, medical devices",,,
,,,Pharmacy,,
,,,"Marketing authorisations, variations and licensing guidance",,
,,,"Good practice, inspections and enforcement",,
,,,"Manufacturing, wholesaling, importing and exporting medicines",,
,,,Herbal and homeopathic medicines,,
,,,"Vigilance, safety alerts and guidance",,
,,,,Alerts and recalls,
,,,Medical devices regulation and safety,,
,,,Conferences and events,,
,,,Clinical trials and investigations,,
